{"assets/fonts/Poppins-ExtraBold.ttf":["assets/fonts/Poppins-ExtraBold.ttf"],"assets/fonts/Poppins-Regular.ttf":["assets/fonts/Poppins-Regular.ttf"],"assets/icon/.DS_Store":["assets/icon/.DS_Store"],"assets/icon/icon.png":["assets/icon/icon.png"],"assets/icons/.DS_Store":["assets/icons/.DS_Store"],"assets/icons/ic_account.svg":["assets/icons/ic_account.svg"],"assets/icons/ic_address.svg":["assets/icons/ic_address.svg"],"assets/icons/ic_delete.svg":["assets/icons/ic_delete.svg"],"assets/icons/ic_edit_profile.svg":["assets/icons/ic_edit_profile.svg"],"assets/icons/ic_favorites.svg":["assets/icons/ic_favorites.svg"],"assets/icons/ic_food.svg":["assets/icons/ic_food.svg"],"assets/icons/ic_home.svg":["assets/icons/ic_home.svg"],"assets/icons/ic_menu.svg":["assets/icons/ic_menu.svg"],"assets/icons/ic_menus.svg":["assets/icons/ic_menus.svg"],"assets/icons/ic_myorders.svg":["assets/icons/ic_myorders.svg"],"assets/icons/ic_order.svg":["assets/icons/ic_order.svg"],"assets/icons/ic_points.svg":["assets/icons/ic_points.svg"],"assets/images/circle_slider_bg.svg":["assets/images/circle_slider_bg.svg"],"assets/images/featured_image_bg.svg":["assets/images/featured_image_bg.svg"],"assets/images/loyality.png":["assets/images/loyality.png"],"assets/images/pattern3.png":["assets/images/pattern3.png"],"assets/images/placeholder1.png":["assets/images/placeholder1.png"],"assets/images/rossanos.png":["assets/images/rossanos.png"],"packages/cupertino_icons/assets/CupertinoIcons.ttf":["packages/cupertino_icons/assets/CupertinoIcons.ttf"]}